id,name,ref,status,message,tracked,total_issues,issues,stats,total_refs,refs
71,requests,HEAD,0,,False,,[],,,[]
72,scrapy,HEAD,0,,False,,[],,,[]
73,fastapi,HEAD,0,,False,,[],,,[]
74,rich,HEAD,0,,False,,[],,,[]
75,textual,HEAD,0,,False,,[],,,[]
76,httpx,HEAD,0,,False,,[],,,[]
77,pydantic,HEAD,0,,False,,[],,,[]
78,tqdm,HEAD,0,,False,,[],,,[]
79,bokeh,HEAD,0,,False,,[],,,[]
80,sanic,HEAD,0,,False,,[],,,[]
81,dash,HEAD,0,,False,,[],,,[]
82,mangadex,main,0,,False,,[],,,[]
83,pyseto,HEAD,0,,False,,[],,,[]
84,Slicer,HEAD,0,,False,,[],,,[]
85,pytago,main,0,,False,,[],,,[]
86,earthquakes,HEAD,0,,False,,[],,,[]
87,dvc,HEAD,1,Analysis Started,False,,[],,,[]
88,aiospotify,HEAD,0,,False,,[],,,[]
89,ray,HEAD,0,,False,,[],,,[]
90,ruck,HEAD,0,,False,,[],,,[]
91,quimb,HEAD,0,,False,,[],,,[]
92,fileseq,HEAD,0,,False,,[],,,[]
93,Lean,HEAD,0,,False,,[],,,[]
94,merk,HEAD,0,,False,,[],,,[]
95,pe,HEAD,0,,False,,[],,,[]
96,Ignition,HEAD,1,Analysis Started,False,,[],,,[]
97,Cura,HEAD,0,,False,,[],,,[]
98,nextpnr,HEAD,0,,False,,[],,,[]
99,onlineshop,HEAD,0,,False,,[],,,[]
100,labyrinth,HEAD,0,,False,,[],,,[]
101,sentry,HEAD,0,,False,,[],,,[]
69,flask,HEAD,0,,False,,[],,,[]
70,httpie,HEAD,0,,False,,[],,,[]
